{
  "total_dance_count": {
    "min": 49.197785556316376,
    "max": 72.96344265341759,
    "mean": 58.144984394311905,
    "median": 53.24196442961693,
    "stdev": 10.728701037511684,
    "runs": 5,
    "sample_result_size": 1
  },
  "single_dance_by_id": {
    "min": 12.799687683582306,
    "max": 19.83858272433281,
    "mean": 15.49869179725647,
    "median": 15.70996269583702,
    "stdev": 2.7893858205909137,
    "runs": 5,
    "sample_result_size": 1
  },
  "first_10_dances": {
    "min": 143.8811756670475,
    "max": 210.94730123877525,
    "mean": 174.3287242949009,
    "median": 154.81943264603615,
    "stdev": 32.45748486104002,
    "runs": 5,
    "sample_result_size": 10
  },
  "name_search_simple": {
    "min": 23.903299123048782,
    "max": 25.86418390274048,
    "mean": 24.734410643577576,
    "median": 24.749048054218292,
    "stdev": 0.7621720202874009,
    "runs": 5,
    "sample_result_size": 25
  },
  "rscds_filter_with_name_search": {
    "min": 38.23411464691162,
    "max": 44.0434068441391,
    "mean": 40.042950958013535,
    "median": 39.40826281905174,
    "stdev": 2.2885792156428764,
    "runs": 5,
    "sample_result_size": 25
  },
  "non_rscds_filter_with_name_search": {
    "min": 69.43665817379951,
    "max": 84.08059552311897,
    "mean": 74.6567152440548,
    "median": 73.8803818821907,
    "stdev": 5.972741167693364,
    "runs": 5,
    "sample_result_size": 25
  },
  "formation_token_search": {
    "min": 347.8737361729145,
    "max": 600.6919331848621,
    "mean": 491.51403456926346,
    "median": 512.1418461203575,
    "stdev": 99.35235915196175,
    "runs": 5,
    "sample_result_size": 0
  },
  "large_result_set_100": {
    "min": 206.59411326050758,
    "max": 270.3889273107052,
    "mean": 244.79783475399017,
    "median": 255.5898204445839,
    "stdev": 27.03198571551921,
    "runs": 5,
    "sample_result_size": 100
  },
  "random_ordering_25": {
    "min": 218.4941992163658,
    "max": 244.94995176792145,
    "mean": 234.22807827591896,
    "median": 233.4500178694725,
    "stdev": 10.21449601816335,
    "runs": 5,
    "sample_result_size": 25
  },
  "dance_detail_main": {
    "min": 6.884444504976273,
    "max": 7.749699056148529,
    "mean": 7.121092826128006,
    "median": 6.9964975118637085,
    "stdev": 0.35507945334887775,
    "runs": 5,
    "sample_result_size": 1
  },
  "dance_detail_formations": {
    "min": 1.4384053647518158,
    "max": 1.7814114689826965,
    "mean": 1.6219675540924072,
    "median": 1.7044059932231903,
    "stdev": 0.15430094028803898,
    "runs": 5,
    "sample_result_size": 3
  },
  "dance_detail_crib": {
    "min": 9.034868329763412,
    "max": 17.002757638692856,
    "mean": 11.814239621162415,
    "median": 11.334072798490524,
    "stdev": 3.079927477169927,
    "runs": 5,
    "sample_result_size": 1
  },
  "dance_detail_publications": {
    "min": 5.752980709075928,
    "max": 6.396010518074036,
    "mean": 6.051764637231827,
    "median": 5.940798670053482,
    "stdev": 0.30322277860321595,
    "runs": 5,
    "sample_result_size": 1
  },
  "fts_simple_term": {
    "min": 117.32975766062737,
    "max": 139.3052041530609,
    "mean": 127.42660418152809,
    "median": 122.64256924390793,
    "stdev": 9.50947831552729,
    "runs": 5,
    "sample_result_size": 20
  },
  "fts_complex_or": {
    "min": 123.26755002140999,
    "max": 211.57383173704147,
    "mean": 152.37862691283226,
    "median": 143.39368417859077,
    "stdev": 35.75491173156892,
    "runs": 5,
    "sample_result_size": 20
  }
}